S.no,Cadmium,Chromium,Copper,Nickel,Lead,Zinc,Classification
1,0.33,21.1,18.2,18.1,21.8,80.3,Not Organic but fit for cultivation
2,0.332,22.9,16.4,18.2,23.3,91.3,Not Organic but fit for cultivation
3,0.057,9.16,3.69,4.04,10.8,19.4,Organic
4,0.026,11.6,0.62,4.21,10.7,19.8,Organic
5,0.468,16.6,36.4,5.87,31.0,19.4,Avoid Pesticide
6,0.382,1.59,7.66,1.57,27.6,40.1,Organic
7,0.044,10.4,6.49,5.54,14.7,30.0,Organic
8,0.387,12.6,9.98,3.51,41.3,20.0,Organic
9,0.153,26.3,14.5,9.32,21.9,27.4,Organic
10,0.277,44.9,36.9,35.2,34.7,93.3,Not Organic but fit for cultivation
11,0.295,25.1,26.6,28.8,27.9,104.0,Not Organic but fit for cultivation
12,0.173,34.1,11.9,13.1,18.2,63.6,Not Organic but fit for cultivation
13,0.059,35.7,24.4,30.7,19.8,91.1,Not Organic but fit for cultivation
14,0.203,7.42,11.1,6.69,18.5,37.6,Organic
15,0.215,17.3,10.8,9.49,26.5,55.0,Avoid Pesticide
16,1.17,22.9,17.7,21.1,35.2,96.1,Not Organic but fit for cultivation
17,1.18,16.2,6.86,13.0,26.4,86.6,Not Organic but fit for cultivation
18,0.215,37.7,22.3,17.0,42.6,95.2,Not Organic but fit for cultivation
19,0.276,21.0,31.1,20.8,42.5,61.7,Not Organic but fit for cultivation
20,0.337,8.04,13.4,4.3,106.0,25.1,Not Organic but fit for cultivation
21,0.163,17.2,13.3,5.04,70.3,32.4,Organic
22,0.41,39.0,48.4,35.9,199.0,153.0,Not Organic but fit for cultivation
23,0.235,19.0,14.7,18.4,81.7,92.0,Not Organic but fit for cultivation
24,0.19,3.01,4.95,1.07,17.5,13.8,Organic
25,0.173,3.06,5.72,1.42,23.8,14.3,Organic
26,0.301,1.13,2.72,1.19,24.7,15.2,Organic
27,0.422,1.47,4.5,1.46,26.6,16.1,Organic
28,0.319,26.8,79.0,21.9,44.2,84.8,Not Organic but fit for cultivation
29,0.342,23.6,28.7,23.5,47.6,101.0,Not Organic but fit for cultivation
30,0.334,32.2,22.8,21.1,62.7,114.0,Not Organic but fit for cultivation
31,0.069,15.8,10.5,8.34,22.1,22.5,Organic
32,0.099,22.3,7.04,7.99,27.3,25.4,Organic
33,0.289,30.2,29.3,37.0,37.5,86.8,Not Organic but fit for cultivation
34,0.749,49.1,16.4,29.4,83.6,127.0,Not Organic but fit for cultivation
35,0.31,27.0,37.3,15.7,98.9,77.2,Not Organic but fit for cultivation
36,0.372,25.6,32.7,14.2,98.7,84.4,Not Organic but fit for cultivation
37,0.216,16.2,22.0,12.7,24.6,70.9,Not Organic but fit for cultivation
38,0.226,24.5,24.2,21.6,37.8,92.5,Not Organic but fit for cultivation
39,0.182,32.8,19.1,33.6,31.0,84.1,Not Organic but fit for cultivation
40,0.219,31.5,16.5,31.8,24.4,79.8,Not Organic but fit for cultivation
41,1.47,30.4,22.8,25.9,1090.0,245.0,Not fit for cultivation
42,1.06,16.9,19.0,8.57,467.0,127.0,Not Organic but fit for cultivation
43,0.189,15.2,26.3,13.2,35.4,104.0,Not Organic but fit for cultivation
44,0.308,12.8,7.15,3.04,45.4,18.1,Organic
45,1.07,20.8,58.4,29.9,119.0,135.0,Not Organic but fit for cultivation
46,2.7,15.7,58.2,49.2,79.4,345.0,Not fit for cultivation
47,0.164,7.72,11.5,9.84,20.7,31.1,Organic
48,0.471,39.4,19.7,28.9,37.2,154.0,Not Organic but fit for cultivation
49,0.178,34.4,15.1,24.2,25.3,91.3,Not Organic but fit for cultivation
50,0.104,7.21,5.84,2.66,56.6,9.4,Organic
51,0.151,18.1,9.65,7.73,51.4,59.8,Not Organic but fit for cultivation
52,0.211,187.0,31.8,70.3,21.5,80.9,Not Organic but fit for cultivation
53,0.129,13.4,5.43,5.86,45.9,15.4,Organic
54,0.188,61.8,11.4,26.9,27.4,92.4,Not Organic but fit for cultivation
55,0.271,37.7,20.3,30.4,23.9,142.0,Not Organic but fit for cultivation
56,0.341,20.6,23.9,11.0,30.2,32.4,Organic
57,0.114,26.9,16.3,36.3,13.9,35.2,Avoid Pesticide
58,0.093,12.1,7.11,6.5,17.7,25.0,Organic
59,0.146,17.1,12.5,8.36,30.9,37.1,Organic
60,0.137,27.5,12.1,17.0,25.3,48.1,Avoid Pesticide
61,0.196,24.2,13.8,15.8,43.0,64.7,Not Organic but fit for cultivation
62,0.297,18.0,50.6,17.6,48.7,96.7,Not Organic but fit for cultivation
63,0.409,14.9,62.1,11.9,65.5,96.6,Not Organic but fit for cultivation
64,0.236,5.8,5.72,2.75,43.1,13.4,Organic
65,0.208,18.0,3.06,7.4,34.4,31.0,Organic
66,0.172,27.0,22.0,35.6,36.0,86.2,Not Organic but fit for cultivation
67,0.188,33.2,19.9,43.0,29.3,77.2,Not Organic but fit for cultivation
68,0.177,34.1,20.6,28.7,36.0,70.2,Not Organic but fit for cultivation
69,0.094,20.4,17.0,23.9,38.4,51.3,Avoid Pesticide
70,0.246,25.6,13.1,18.3,39.7,58.3,Not Organic but fit for cultivation
71,0.018,9.77,3.84,5.75,21.3,19.0,Organic
72,0.238,5.57,24.1,3.39,116.0,13.4,Not Organic but fit for cultivation
73,0.304,7.83,64.0,6.09,244.0,24.3,Not Organic but fit for cultivation
74,0.293,1.69,2.15,1.57,27.1,17.3,Organic
75,0.312,2.71,6.24,1.75,40.2,29.2,Organic
76,0.188,2.46,4.37,2.16,36.6,20.1,Organic
77,0.058,28.4,13.1,16.8,22.6,66.6,Not Organic but fit for cultivation
78,0.325,35.0,48.8,42.2,239.0,150.0,Not Organic but fit for cultivation
79,0.213,33.4,31.4,38.6,141.0,142.0,Not Organic but fit for cultivation
80,0.275,31.0,9.88,12.8,21.1,65.4,Not Organic but fit for cultivation
81,0.211,57.7,11.5,24.2,26.0,86.8,Not Organic but fit for cultivation
82,1.25,2.69,24.5,5.06,347.0,122.0,Not Organic but fit for cultivation
83,0.741,4.58,40.2,5.12,406.0,73.6,Not Organic but fit for cultivation
84,0.216,21.1,25.2,16.2,58.6,74.8,Not Organic but fit for cultivation
85,0.195,20.3,20.5,14.7,42.3,90.9,Not Organic but fit for cultivation
86,0.212,6.71,10.5,3.98,56.0,26.8,Organic
87,0.567,2.3,6.73,2.75,41.1,69.1,Not Organic but fit for cultivation
88,0.152,30.3,19.1,16.6,16.9,54.4,Avoid Pesticide
89,0.223,30.0,14.7,16.2,28.7,59.6,Not Organic but fit for cultivation
90,0.119,20.2,12.2,4.88,30.9,38.4,Organic
91,0.204,20.0,44.5,9.9,40.0,66.1,Not Organic but fit for cultivation
92,0.069,19.8,4.68,7.33,18.0,29.8,Organic
93,0.101,17.6,5.9,4.81,26.1,23.7,Organic
94,0.302,27.0,16.7,17.6,54.3,94.3,Not Organic but fit for cultivation
95,0.516,24.2,15.4,25.6,34.8,85.8,Not Organic but fit for cultivation
96,0.199,27.1,14.0,23.4,22.7,51.1,Avoid Pesticide
97,0.157,30.0,9.12,17.8,21.9,45.5,Avoid Pesticide
98,0.217,33.2,28.7,17.6,20.1,69.5,Not Organic but fit for cultivation
99,0.083,17.5,11.3,14.3,53.4,60.1,Not Organic but fit for cultivation
100,0.2,22.2,2.15,6.05,23.0,14.2,Organic
101,0.205,26.0,4.34,6.16,28.7,14.5,Organic
102,0.188,35.9,24.9,23.9,36.0,74.7,Not Organic but fit for cultivation
103,0.274,45.1,34.7,38.7,23.1,105.0,Not Organic but fit for cultivation
104,0.206,28.0,27.9,22.4,42.6,105.0,Not Organic but fit for cultivation
105,0.175,23.1,23.7,19.5,33.3,86.9,Not Organic but fit for cultivation
106,0.179,28.2,14.1,17.7,45.1,45.7,Avoid Pesticide
107,0.284,3.9,22.9,2.95,28.7,35.0,Organic
108,0.11,15.2,23.6,5.28,87.8,30.6,Avoid Pesticide
109,0.255,14.6,55.6,7.77,199.0,24.2,Not Organic but fit for cultivation
110,0.1,2.38,6.57,2.18,58.0,20.7,Organic
111,0.346,1.71,6.79,1.55,14.4,54.2,Avoid Pesticide
112,0.287,0.872,2.6,0.909,41.5,29.2,Organic
113,0.325,32.7,24.1,33.3,80.6,94.5,Not Organic but fit for cultivation
114,0.414,26.2,27.6,25.4,100.0,121.0,Not Organic but fit for cultivation
115,0.037,16.3,2.03,4.5,35.2,17.8,Organic
116,0.054,19.6,7.76,16.9,8.66,24.4,Organic
117,0.256,15.9,15.5,9.82,43.9,69.3,Not Organic but fit for cultivation
118,0.219,17.5,19.1,11.2,50.4,75.1,Not Organic but fit for cultivation
119,0.275,29.8,18.9,21.2,48.4,84.3,Not Organic but fit for cultivation
120,0.184,15.2,7.58,9.86,22.3,40.4,Organic
121,0.356,39.2,40.5,34.7,54.7,140.0,Not Organic but fit for cultivation
122,0.793,47.2,72.3,57.2,86.5,234.0,Not Organic but fit for cultivation
123,0.21,12.2,15.6,17.5,16.4,64.2,Not Organic but fit for cultivation
124,0.199,16.1,15.6,30.1,19.5,55.7,Avoid Pesticide
125,0.241,37.4,16.1,17.1,40.7,77.3,Not Organic but fit for cultivation
126,0.355,24.2,19.5,22.1,26.9,91.7,Not Organic but fit for cultivation
127,0.341,29.1,19.5,24.8,28.2,97.5,Not Organic but fit for cultivation
128,0.94,5.75,27.9,5.41,166.0,78.8,Not Organic but fit for cultivation
129,0.363,1.25,19.2,1.34,24.0,26.7,Organic
130,0.165,27.9,16.1,33.9,18.8,61.4,Not Organic but fit for cultivation
131,0.17,26.9,14.0,26.9,36.2,54.3,Avoid Pesticide
132,0.25,31.3,29.3,18.4,22.0,53.1,Avoid Pesticide
133,0.672,3.73,4.57,2.62,89.9,55.2,Avoid Pesticide
134,0.866,3.06,15.1,4.23,103.0,41.5,Not Organic but fit for cultivation
135,0.176,6.95,8.99,2.45,56.0,33.6,Organic
136,0.462,14.9,11.7,5.93,37.8,42.9,Organic
137,0.106,29.9,9.41,26.8,15.5,68.2,Not Organic but fit for cultivation
138,0.222,30.9,12.1,22.5,26.1,64.9,Not Organic but fit for cultivation
139,0.211,22.9,13.8,18.2,42.0,65.8,Not Organic but fit for cultivation
140,0.584,20.8,19.9,9.4,294.0,122.0,Not Organic but fit for cultivation
141,0.292,4.78,16.4,4.82,77.9,31.2,Organic
142,0.103,22.3,10.4,17.0,19.0,61.9,Not Organic but fit for cultivation
143,0.071,29.6,10.9,25.1,30.9,88.0,Not Organic but fit for cultivation
144,0.112,8.21,19.1,6.93,53.4,51.0,Avoid Pesticide
145,0.162,12.3,8.62,18.3,20.5,84.0,Not Organic but fit for cultivation
146,0.1,16.2,14.5,13.7,31.5,44.8,Organic
147,0.114,13.1,8.83,9.08,27.1,33.8,Organic
148,0.684,33.5,23.8,30.5,37.6,101.0,Not Organic but fit for cultivation
149,1.13,33.6,26.2,28.1,35.2,126.0,Not Organic but fit for cultivation
150,0.147,13.8,14.5,9.78,21.4,71.4,Not Organic but fit for cultivation
151,0.146,23.8,16.9,15.8,27.9,65.2,Not Organic but fit for cultivation
152,0.159,43.3,21.4,28.8,36.9,77.1,Not Organic but fit for cultivation
153,0.206,40.5,24.0,28.9,31.4,88.4,Not Organic but fit for cultivation
154,2.17,17.5,48.7,15.1,18.2,208.0,Not Organic but fit for cultivation
155,1.01,27.7,31.4,23.0,29.7,102.0,Not Organic but fit for cultivation
156,0.535,1.14,4.81,1.56,24.7,30.0,Organic
157,0.446,36.2,28.5,4.06,33.8,65.5,Not Organic but fit for cultivation
158,0.237,1.04,2.81,1.03,36.8,33.5,Organic
159,0.132,4.17,3.97,2.1,32.0,7.47,Organic
160,0.278,19.8,20.3,9.87,33.1,52.2,Avoid Pesticide
161,0.333,38.2,44.5,25.8,32.0,126.0,Not Organic but fit for cultivation
162,0.157,28.9,16.6,22.0,24.7,62.3,Not Organic but fit for cultivation
163,0.198,39.0,16.4,30.7,23.2,89.3,Not Organic but fit for cultivation
164,0.887,22.8,31.7,27.9,47.2,69.2,Not Organic but fit for cultivation
165,0.341,20.3,25.5,19.4,43.1,62.7,Not Organic but fit for cultivation
166,0.104,8.26,13.7,5.38,12.1,49.2,Avoid Pesticide
167,0.203,18.0,13.4,15.1,17.7,64.5,Not Organic but fit for cultivation
168,0.138,26.3,13.8,31.9,20.2,77.0,Not Organic but fit for cultivation
169,0.494,0.864,7.92,1.57,53.5,58.5,Not Organic but fit for cultivation
170,0.55,1.2,4.96,1.4,42.4,51.3,Avoid Pesticide
171,1.11,24.8,91.2,18.4,57.4,174.0,Not Organic but fit for cultivation
172,0.374,26.5,14.3,15.9,60.3,103.0,Not Organic but fit for cultivation
173,1.73,31.8,116.0,48.4,220.0,454.0,Not fit for cultivation
174,6.29,30.9,101.0,47.9,231.0,640.0,Not fit for cultivation
175,0.084,16.6,5.76,4.18,13.9,21.2,Organic
176,0.389,19.3,68.0,22.2,38.7,80.6,Not Organic but fit for cultivation
177,0.243,7.54,11.2,4.11,35.7,33.6,Organic
178,0.465,2.45,5.65,3.55,40.0,25.2,Organic
179,0.146,19.1,15.9,13.5,34.5,55.3,Avoid Pesticide
180,0.143,9.93,9.41,4.05,64.4,19.5,Organic
181,0.242,32.6,28.3,26.5,63.2,130.0,Not Organic but fit for cultivation
182,0.295,40.1,22.9,17.2,45.4,104.0,Not Organic but fit for cultivation
183,0.087,13.4,14.8,12.1,41.4,55.2,Avoid Pesticide
184,0.199,19.6,7.45,7.49,42.5,36.1,Organic
185,0.232,31.5,8.02,19.3,34.4,54.0,Avoid Pesticide
186,0.268,14.6,5.1,3.72,57.2,16.2,Organic
187,0.614,14.4,14.6,7.31,159.0,52.3,Not Organic but fit for cultivation
188,0.123,19.2,2.82,5.27,28.4,34.4,Organic
189,0.686,12.9,6.55,4.94,42.9,27.7,Avoid Pesticide
190,0.182,26.9,14.5,19.0,20.1,55.7,Avoid Pesticide
191,0.306,69.1,36.4,44.1,113.0,38.3,Not Organic but fit for cultivation
192,0.26,196.0,73.1,221.0,24.5,96.2,Not fit for cultivation
193,0.419,34.5,56.0,25.1,101.0,153.0,Not Organic but fit for cultivation
194,0.185,22.7,31.0,19.8,33.7,103.0,Not Organic but fit for cultivation
195,0.313,1.03,7.03,1.59,37.3,28.6,Organic
196,0.637,1.45,8.53,2.08,40.1,25.4,Avoid Pesticide
197,0.716,43.3,16.7,32.9,47.7,158.0,Not Organic but fit for cultivation
198,0.348,4.54,12.3,4.43,38.0,48.1,Avoid Pesticide
199,0.045,2.21,0.605,0.918,5.47,0.805,Organic
200,0.053,2.22,0.605,1.02,6.74,5.26,Organic
201,0.642,18.1,14.5,8.78,77.3,37.0,Avoid Pesticide
202,0.338,12.8,4.09,4.16,33.7,16.0,Organic
203,0.375,21.2,73.9,16.4,63.4,197.0,Not Organic but fit for cultivation
204,0.288,17.4,19.3,18.9,35.1,77.6,Not Organic but fit for cultivation
205,0.117,13.1,23.7,10.4,80.8,26.4,Avoid Pesticide
206,0.214,15.7,22.0,6.59,84.4,48.3,Avoid Pesticide
207,0.212,40.2,21.4,38.1,31.0,113.0,Not Organic but fit for cultivation
208,0.144,20.0,14.8,17.1,18.0,62.6,Not Organic but fit for cultivation
209,0.142,28.0,4.15,16.2,46.4,31.0,Organic
210,0.169,41.1,6.33,22.2,23.4,66.6,Not Organic but fit for cultivation
211,0.186,20.7,6.17,4.64,24.6,14.3,Organic
212,0.068,9.0,2.99,3.5,22.9,22.0,Organic
213,0.107,11.2,5.29,4.93,18.4,31.8,Organic
214,0.214,4.77,12.3,2.63,37.9,55.5,Avoid Pesticide
215,0.443,23.5,52.7,21.7,165.0,146.0,Not Organic but fit for cultivation
216,0.276,1.63,1.81,1.33,38.0,11.6,Organic
217,0.068,4.67,9.54,1.86,18.0,5.86,Organic
218,0.522,26.0,27.0,24.7,122.0,148.0,Not Organic but fit for cultivation
219,0.19,8.21,14.3,6.28,32.5,44.7,Organic
220,0.436,2.47,3.88,3.01,38.2,27.8,Organic
221,0.254,3.13,4.56,2.25,14.9,44.4,Organic
222,0.24,10.8,8.91,2.66,14.9,15.3,Organic
223,0.412,10.7,11.3,3.44,14.6,15.9,Organic
224,0.179,20.4,12.7,14.2,20.1,62.8,Not Organic but fit for cultivation
225,0.213,14.4,14.7,15.8,18.3,68.5,Not Organic but fit for cultivation
226,0.238,33.3,29.4,26.5,68.3,94.4,Not Organic but fit for cultivation
227,0.212,30.7,16.6,14.0,46.0,72.3,Not Organic but fit for cultivation
228,0.145,34.2,12.4,13.2,44.9,62.8,Not Organic but fit for cultivation
229,0.213,10.4,2.78,5.59,71.2,0.84,Organic
230,0.133,40.7,5.44,21.0,43.6,43.0,Organic
231,0.315,61.3,21.1,40.2,38.3,123.0,Not Organic but fit for cultivation
232,0.325,58.2,20.8,37.0,39.6,128.0,Not Organic but fit for cultivation
233,0.44,8.32,8.28,13.6,38.2,83.8,Not Organic but fit for cultivation
234,0.212,1.97,0.625,1.49,41.7,4.77,Organic
235,0.061,30.6,8.48,16.8,19.5,46.9,Avoid Pesticide
236,0.125,32.2,11.0,20.1,25.5,56.5,Not Organic but fit for cultivation
237,0.339,9.82,7.27,7.09,96.4,64.8,Not Organic but fit for cultivation
238,0.379,3.68,15.6,3.33,105.0,24.5,Not Organic but fit for cultivation
239,0.353,18.0,13.6,11.7,48.0,67.9,Not Organic but fit for cultivation
240,0.805,22.5,59.4,19.9,76.4,134.0,Not Organic but fit for cultivation
241,0.353,6.56,4.73,2.77,56.0,29.3,Organic
242,0.153,6.74,10.6,7.76,133.0,227.0,Not Organic but fit for cultivation
243,0.425,18.3,12.5,12.9,274.0,151.0,Not Organic but fit for cultivation
244,0.165,2.41,4.16,2.23,11.7,17.7,Organic
245,0.236,4.08,6.46,2.45,25.3,15.5,Organic
246,0.288,13.5,15.1,13.1,87.4,31.8,Avoid Pesticide
247,1.33,2.73,12.8,3.75,184.0,107.0,Not Organic but fit for cultivation
248,0.549,26.2,31.6,24.2,89.6,170.0,Not Organic but fit for cultivation
249,0.311,18.3,18.5,20.1,68.8,110.0,Not Organic but fit for cultivation
250,0.216,28.7,27.6,39.0,38.1,111.0,Not Organic but fit for cultivation
251,0.32,35.9,21.1,24.3,44.5,142.0,Not Organic but fit for cultivation
252,0.446,55.3,18.2,24.6,40.2,88.4,Not Organic but fit for cultivation
253,0.351,2.73,2.61,2.78,18.7,70.6,Not Organic but fit for cultivation
254,0.386,38.5,17.4,24.3,46.0,83.3,Not Organic but fit for cultivation
255,0.368,36.0,17.1,24.3,42.6,71.3,Not Organic but fit for cultivation
256,0.565,1.48,4.42,1.83,40.4,24.7,Organic
257,0.421,2.01,6.04,1.83,29.8,42.0,Organic
258,0.167,15.4,12.8,9.56,73.6,29.6,Organic
259,0.372,35.4,13.4,31.5,46.4,124.0,Not Organic but fit for cultivation
260,0.036,10.9,9.93,8.26,49.7,26.1,Organic
261,0.147,11.1,6.24,7.34,24.6,36.8,Organic
262,0.154,26.6,12.6,10.7,39.7,52.6,Avoid Pesticide
263,0.308,3.93,6.72,2.09,24.5,22.2,Organic
264,0.326,1.47,10.0,2.2,22.6,20.3,Organic
265,0.145,8.61,3.22,5.73,30.8,24.1,Organic
266,0.477,5.99,16.1,6.46,112.0,56.0,Not Organic but fit for cultivation
267,0.204,16.6,8.84,12.1,19.7,56.0,Avoid Pesticide
268,0.183,11.9,8.28,9.58,14.9,55.4,Avoid Pesticide
269,0.346,39.0,22.3,30.0,29.4,85.6,Not Organic but fit for cultivation
270,0.494,36.4,38.3,33.6,93.7,185.0,Not Organic but fit for cultivation
271,0.381,55.0,37.5,34.5,98.3,275.0,Not Organic but fit for cultivation
272,0.095,6.75,6.88,3.83,19.4,24.5,Organic
273,0.209,13.8,9.94,9.45,33.0,46.9,Avoid Pesticide
274,0.113,15.1,18.0,3.06,162.0,11.8,Not Organic but fit for cultivation
275,0.157,13.7,9.12,3.66,16.3,3.65,Organic
276,0.476,6.2,10.4,3.98,29.0,28.1,Organic
277,0.774,2.14,9.75,2.77,55.4,52.2,Avoid Pesticide
278,0.565,26.8,48.2,19.3,58.2,118.0,Not Organic but fit for cultivation
279,0.368,28.3,24.0,12.7,53.0,87.8,Not Organic but fit for cultivation
280,0.983,3.61,28.6,4.71,304.0,71.1,Not Organic but fit for cultivation
281,0.147,5.7,8.43,2.64,81.0,43.1,Avoid Pesticide
282,0.372,22.4,34.4,27.2,85.7,170.0,Not Organic but fit for cultivation
283,0.402,21.3,35.6,21.8,99.0,146.0,Not Organic but fit for cultivation
284,0.12,5.46,5.02,3.22,25.4,8.19,Organic
285,0.528,16.6,18.0,7.45,46.1,55.3,Avoid Pesticide
286,0.509,89.7,14.0,43.3,50.9,129.0,Not Organic but fit for cultivation
287,0.304,61.4,6.74,18.4,51.6,60.8,Not Organic but fit for cultivation
288,0.11,22.0,9.82,6.8,20.2,45.3,Avoid Pesticide
289,0.079,13.5,3.56,4.43,48.3,12.7,Organic
290,1.33,35.6,29.4,33.3,563.0,745.0,Not fit for cultivation
291,0.667,23.8,22.9,20.6,104.0,184.0,Not Organic but fit for cultivation
292,0.196,25.0,7.76,10.8,27.2,53.5,Avoid Pesticide
293,0.131,23.3,5.88,17.7,26.6,54.1,Avoid Pesticide
294,0.223,20.6,5.59,20.9,25.1,56.4,Not Organic but fit for cultivation
295,0.347,34.0,21.9,24.8,44.4,143.0,Not Organic but fit for cultivation
296,0.396,3.28,7.1,2.12,29.2,34.2,Organic
297,0.273,3.91,43.5,10.7,53.6,52.7,Avoid Pesticide
298,0.611,38.2,16.2,33.4,76.0,133.0,Not Organic but fit for cultivation
299,0.122,11.9,5.67,4.88,24.4,25.8,Organic
300,0.204,11.6,4.67,5.33,32.7,24.3,Organic
301,0.904,3.06,16.9,5.42,164.0,81.8,Not Organic but fit for cultivation
302,0.138,18.5,26.5,12.9,62.3,97.0,Not Organic but fit for cultivation
303,0.22,30.7,25.5,22.5,54.0,70.4,Not Organic but fit for cultivation
304,0.433,2.61,7.9,3.15,46.7,23.8,Organic
305,0.531,1.32,4.14,1.74,57.5,35.9,Organic
306,0.789,2.98,5.58,2.05,41.4,39.3,Avoid Pesticide
307,0.172,19.4,12.7,12.4,16.1,51.3,Avoid Pesticide
308,0.273,32.3,28.5,39.8,30.5,79.9,Not Organic but fit for cultivation
309,0.485,4.28,20.5,7.18,99.1,56.7,Not Organic but fit for cultivation
310,0.22,5.31,8.84,5.67,49.5,33.8,Organic
311,0.12,35.8,8.88,21.0,23.0,47.2,Avoid Pesticide
312,0.129,29.9,7.88,18.2,19.9,43.2,Organic
313,0.187,20.8,11.2,16.1,20.7,53.1,Avoid Pesticide
314,0.257,26.7,18.5,26.3,27.8,86.0,Not Organic but fit for cultivation
315,0.239,22.0,12.5,20.0,39.0,69.6,Not Organic but fit for cultivation
316,0.27,29.5,27.2,26.6,91.1,102.0,Not Organic but fit for cultivation
317,0.485,9.64,5.12,6.35,25.5,64.6,Not Organic but fit for cultivation
318,0.561,7.44,8.47,5.86,37.8,80.0,Not Organic but fit for cultivation
319,0.112,18.0,6.23,7.3,13.1,13.5,Organic
320,0.099,14.7,4.56,4.94,11.8,8.98,Organic
321,0.503,32.5,21.4,22.1,40.5,135.0,Not Organic but fit for cultivation
322,0.801,23.8,11.6,14.8,67.5,95.8,Not Organic but fit for cultivation
323,1.31,20.1,12.9,14.4,44.3,111.0,Not Organic but fit for cultivation
324,0.25,25.9,31.2,22.1,63.7,113.0,Not Organic but fit for cultivation
325,0.209,49.6,13.7,26.7,29.7,60.5,Not Organic but fit for cultivation
326,0.546,2.55,7.23,2.52,64.6,37.4,Organic
327,0.178,23.1,26.9,17.3,141.0,61.6,Not Organic but fit for cultivation
328,0.643,25.5,35.3,18.7,113.0,145.0,Not Organic but fit for cultivation
329,0.305,16.1,14.2,10.3,34.2,63.8,Not Organic but fit for cultivation
330,0.392,20.0,12.1,26.3,57.2,61.5,Not Organic but fit for cultivation
331,0.118,10.6,4.36,8.36,22.6,25.6,Organic
332,0.107,10.1,3.84,7.03,10.2,15.7,Organic
333,0.028,10.2,1.68,7.14,10.3,11.8,Organic
334,0.186,43.4,13.5,20.8,27.0,89.6,Not Organic but fit for cultivation
335,0.228,61.5,18.7,31.7,38.9,125.0,Not Organic but fit for cultivation
336,0.156,29.3,13.1,16.7,43.4,69.0,Not Organic but fit for cultivation
337,0.114,18.3,11.1,12.6,28.2,80.2,Not Organic but fit for cultivation
338,0.085,12.8,5.5,4.59,14.2,18.4,Organic
339,0.062,13.9,5.67,3.9,10.0,17.5,Organic
340,0.381,3.14,12.7,2.38,150.0,16.8,Not Organic but fit for cultivation
341,0.858,4.96,21.7,5.13,244.0,57.7,Not Organic but fit for cultivation
342,0.149,18.2,13.1,13.7,36.9,51.5,Avoid Pesticide
343,0.155,19.5,15.4,13.6,44.6,49.7,Avoid Pesticide
344,0.196,20.8,9.35,12.9,27.5,43.3,Organic
345,0.826,19.7,30.6,21.7,88.4,190.0,Not Organic but fit for cultivation
346,0.212,20.3,19.0,16.5,37.3,68.4,Not Organic but fit for cultivation
347,0.263,28.2,19.0,28.2,40.0,85.5,Not Organic but fit for cultivation
348,0.138,25.8,8.99,8.0,39.7,46.7,Avoid Pesticide
349,0.357,36.5,22.5,29.9,29.6,101.0,Not Organic but fit for cultivation
350,0.341,32.4,21.4,30.5,23.7,84.7,Not Organic but fit for cultivation
351,0.107,41.1,22.0,16.4,31.6,79.0,Not Organic but fit for cultivation
352,0.055,28.2,16.5,18.1,55.2,84.9,Not Organic but fit for cultivation
353,6.83,17.8,22.6,29.7,282.0,961.0,Not fit for cultivation
354,0.17,5.63,0.61,2.13,22.9,18.4,Organic
355,0.103,8.79,1.61,2.14,19.6,12.7,Organic
356,2.51,32.0,7.96,25.4,39.2,101.0,Not Organic but fit for cultivation
357,4.72,54.3,21.2,60.0,34.0,155.0,Not Organic but fit for cultivation
358,0.189,25.7,10.8,7.99,22.4,41.9,Organic
359,0.092,21.3,8.7,13.8,30.5,44.4,Organic
360,0.42,11.5,11.7,15.8,30.9,63.7,Not Organic but fit for cultivation
361,0.175,27.8,21.1,30.0,21.5,66.5,Not Organic but fit for cultivation
362,0.204,34.1,17.0,30.5,32.3,104.0,Not Organic but fit for cultivation
363,0.259,35.3,16.5,11.3,52.6,69.6,Not Organic but fit for cultivation
364,0.178,20.0,20.2,25.2,27.2,71.5,Not Organic but fit for cultivation
365,0.093,6.8,2.85,3.06,22.0,19.5,Organic
366,0.093,15.8,6.51,5.96,25.3,30.8,Organic
367,0.231,11.9,19.1,10.1,37.6,81.1,Not Organic but fit for cultivation
368,0.082,27.0,8.43,19.0,32.0,66.8,Not Organic but fit for cultivation
369,0.267,22.3,8.5,4.97,66.9,39.5,Organic
370,0.512,11.6,11.0,5.94,279.0,29.3,Not Organic but fit for cultivation
371,1.41,16.2,10.0,16.6,62.3,145.0,Not Organic but fit for cultivation
372,0.5,8.53,8.83,3.78,43.0,14.8,Organic
373,0.153,16.0,16.4,17.4,20.5,49.7,Avoid Pesticide
374,0.113,13.7,16.3,14.4,24.2,53.0,Avoid Pesticide
375,0.095,16.3,4.8,6.32,109.0,22.4,Not Organic but fit for cultivation
376,0.037,31.0,14.5,23.5,28.6,51.8,Avoid Pesticide
377,0.243,34.7,18.6,23.9,23.4,70.4,Not Organic but fit for cultivation
378,0.205,1.05,2.93,1.35,11.7,15.6,Organic
379,0.665,1.24,6.58,2.04,27.5,67.5,Not Organic but fit for cultivation
380,0.186,3.53,4.56,2.42,41.4,16.0,Organic
381,0.259,27.5,17.2,21.5,38.1,77.3,Not Organic but fit for cultivation
382,0.245,13.6,22.8,11.6,45.1,76.8,Not Organic but fit for cultivation
383,0.171,15.6,18.7,15.5,40.1,57.3,Not Organic but fit for cultivation
384,0.173,36.4,18.3,31.6,43.1,102.0,Not Organic but fit for cultivation
385,0.19,38.9,18.4,17.4,37.0,72.9,Not Organic but fit for cultivation
386,0.326,41.0,21.7,28.0,36.1,114.0,Not Organic but fit for cultivation
387,0.498,6.62,15.9,6.81,147.0,44.2,Not Organic but fit for cultivation
388,0.658,8.75,13.9,6.28,103.0,46.6,Not Organic but fit for cultivation
389,0.291,17.5,18.5,19.5,50.9,90.4,Not Organic but fit for cultivation
390,0.975,3.11,13.4,4.55,250.0,38.4,Not Organic but fit for cultivation
391,0.2,19.9,15.6,8.31,29.7,37.8,Organic
392,0.162,19.3,14.9,12.4,26.3,45.9,Avoid Pesticide
393,0.23,14.7,5.97,5.01,80.0,16.7,Organic
394,0.147,41.2,12.3,35.8,19.8,39.5,Avoid Pesticide
395,0.882,1.54,7.18,3.57,83.6,54.9,Avoid Pesticide
396,0.477,12.5,5.21,5.34,30.9,20.8,Organic
397,0.246,38.1,24.1,14.5,30.0,39.3,Organic
398,0.107,13.1,9.12,3.95,20.8,25.9,Organic
399,0.075,9.58,8.9,3.47,47.1,21.9,Organic
400,0.118,13.5,8.85,9.14,27.8,34.1,Organic
401,0.327,36.0,26.5,23.4,54.4,127.0,Not Organic but fit for cultivation
402,0.4,40.0,17.5,40.5,27.9,101.0,Not Organic but fit for cultivation
403,77.5,50.1,406.0,35.1,3300.0,4110.0,Not fit for cultivation
404,197.0,48.9,1200.0,50.7,15900.0,14900.0,Not fit for cultivation
405,170.0,102.0,1700.0,114.0,14300.0,21600.0,Not fit for cultivation
406,9.31,39.4,205.0,27.5,1100.0,2830.0,Not fit for cultivation
407,40.5,45.9,123.0,35.1,1040.0,3460.0,Not fit for cultivation
408,7.77,57.0,43.1,42.7,169.0,752.0,Not fit for cultivation
409,0.695,44.0,13.8,32.6,41.5,151.0,Not Organic but fit for cultivation
410,4.53,59.5,38.7,49.3,123.0,308.0,Not fit for cultivation
411,5.4,50.0,103.0,48.1,348.0,828.0,Not fit for cultivation
412,18.4,44.5,91.5,36.6,716.0,1450.0,Not fit for cultivation
413,28.0,43.5,65.2,30.8,787.0,1840.0,Not fit for cultivation
414,6.46,31.9,51.6,30.1,203.0,569.0,Not fit for cultivation
415,5.57,31.5,52.9,26.8,193.0,556.0,Not fit for cultivation
416,5.52,17.6,58.5,16.1,245.0,598.0,Not fit for cultivation
417,1.32,41.8,21.0,34.4,60.4,209.0,Not Organic but fit for cultivation
418,1.83,32.9,50.1,28.1,162.0,589.0,Not fit for cultivation
419,2.39,28.9,37.4,25.3,205.0,639.0,Not fit for cultivation
420,0.642,39.1,30.6,31.0,292.0,200.0,Not Organic but fit for cultivation
421,0.945,27.3,28.1,20.4,159.0,192.0,Not Organic but fit for cultivation
422,1.33,25.6,26.0,18.4,112.0,305.0,Not fit for cultivation
423,1.01,29.2,26.2,17.2,75.9,198.0,Not Organic but fit for cultivation
424,0.809,41.1,42.5,23.6,97.9,169.0,Not Organic but fit for cultivation
425,1.16,39.4,29.3,31.5,90.3,265.0,Not Organic but fit for cultivation
426,1.68,41.7,22.8,27.6,98.3,235.0,Not Organic but fit for cultivation
427,3.34,33.4,22.8,28.5,246.0,348.0,Not fit for cultivation
428,19.6,30.5,111.0,26.2,1000.0,2250.0,Not fit for cultivation
429,86.1,38.5,800.0,32.8,13400.0,21900.0,Not fit for cultivation
430,9.48,33.7,70.7,26.1,493.0,1020.0,Not fit for cultivation
431,6.34,29.1,48.8,27.1,409.0,773.0,Not fit for cultivation
432,1.24,43.6,32.4,29.9,108.0,213.0,Not Organic but fit for cultivation
433,2.08,24.2,28.5,19.5,138.0,346.0,Not fit for cultivation
434,2.96,19.3,25.8,15.8,126.0,328.0,Not fit for cultivation
435,10.5,33.7,41.7,31.1,323.0,852.0,Not fit for cultivation
436,3.63,24.0,31.3,19.6,229.0,422.0,Not fit for cultivation
437,2.41,38.8,38.2,34.7,112.0,279.0,Not Organic but fit for cultivation
438,2.72,48.5,29.5,28.2,164.0,335.0,Not fit for cultivation
439,1.7,41.2,37.6,33.7,101.0,223.0,Not Organic but fit for cultivation
440,2.1,17.0,49.8,39.1,78.8,234.0,Not Organic but fit for cultivation
441,5.73,49.5,25.0,36.0,187.0,540.0,Not fit for cultivation
442,3.1,28.8,42.2,29.4,482.0,372.0,Not fit for cultivation
443,1.74,23.0,67.0,23.2,299.0,313.0,Not fit for cultivation
444,1.32,18.2,75.9,20.0,416.0,364.0,Not fit for cultivation
445,0.946,15.9,34.3,15.9,178.0,198.0,Not Organic but fit for cultivation
446,0.63,21.2,23.0,17.7,73.0,154.0,Not Organic but fit for cultivation
